App Date,Area,Department,Customer ID,Product,Agreement No,Adv Date,SLA,Process,Advance,Business Channel,QC Theme,MoR,Human/Non Human Error
44165,South East,Personal Finance,C0064786,Leasing,A55655303,44177,Inside,Documentation,34804,Broker,No Issue,,
44152,South East,Personal Finance,C0073335,Leasing,A72904473,44160,Inside,Payments,96094,Direct,No Issue,,
44149,North,Personal Finance,C0041790,Personal Loan,A29251292,44163,Outside,Documentation,17855,Broker,No Issue,,
44157,South East,Commercial Finance,C0086069,Leasing,A65836938,44173,Outside,Documentation,8858,Broker,Regulatory,Telephone,Non Human Error
44150,North East,Commercial Finance,C0094733,Leasing,A88983450,44158,Inside,Underwriting,44547,Direct,No Issue,,
44155,North West,Corporate Finance,C0023943,Hire Purchase,A64988557,44168,Inside,Collections,76872,Referrals,Decision,E-mail,Human Error
44152,South West,Commercial Finance,C0060135,Commercial Loan,A65127780,44159,Inside,Application,83958,Referrals,Documentation,Mobile Chat,Human Error
44157,Scotland,Personal Finance,C0053677,Leasing,A72005187,44164,Inside,Underwriting,67615,Direct,Documentation,Telephone,Human Error
44146,North West,Commercial Finance,C0034550,Contract Hire,A92648339,44155,Inside,Collections,43449,Direct,Regulatory,Web Chat,Human Error
44153,North West,Personal Finance,C0079020,Personal Loan,A61835201,44167,Outside,Collections,95494,Referrals,No Issue,,
44165,Wales,Personal Finance,C0058256,Leasing,A80474758,44181,Outside,Collections,29670,Direct,No Issue,,
44155,Scotland,Commercial Finance,C0044349,Leasing,A39977869,44164,Inside,Payments,55785,Referrals,No Issue,,
44150,North East,Corporate Finance,C0051105,Hire Purchase,A58888884,44164,Outside,Documentation,81933,Referrals,No Issue,,
44149,North,Commercial Finance,C0066691,Hire Purchase,A87644615,44164,Outside,Underwriting,47107,Referrals,No Issue,,
44139,South East,Commercial Finance,C0080905,Commercial Loan,A52232444,44145,Inside,Quality Control,34073,Direct,No Issue,,
44142,North West,Personal Finance,C0047717,Personal Loan,A94024137,44159,Outside,Application,66407,Referrals,No Issue,,
44159,North West,Personal Finance,C0083743,Hire Purchase,A70916162,44175,Outside,Payments,29356,Referrals,No Issue,,
44151,Wales,Corporate Finance,C0048083,Leasing,A38264937,44162,Inside,Quality Control,43240,Direct,No Issue,,
44147,North,Corporate Finance,C0066194,Contract Hire,A42159306,44163,Outside,Validation,75560,Direct,Decision,Telephone,Non Human Error
44154,Wales,Personal Finance,C0090113,Leasing,A78550149,44166,Inside,Collections,59631,Direct,No Issue,,
44143,South East,Corporate Finance,C0086124,Contract Hire,A74095643,44152,Inside,Payments,48962,Direct,No Issue,,
44141,North East,Commercial Finance,C0050472,Commercial Loan,A63003064,44158,Outside,Quality Control,98943,Direct,Payments,Web Chat,Non Human Error
44164,Wales,Corporate Finance,C0091947,Hire Purchase,A69184089,44171,Inside,Documentation,65124,Direct,Documentation,Social Media,Human Error
44157,South East,Personal Finance,C0033390,Personal Loan,A89123048,44164,Inside,KYC,96728,Referrals,No Issue,,
44153,South West,Corporate Finance,C0069871,Leasing,A76948293,44163,Inside,Underwriting,47573,Direct,Decision,E-mail,Human Error
44162,North West,Corporate Finance,C0021542,Corporate Loan,A87478813,44170,Inside,Application,45052,Direct,No Issue,,
44158,Wales,Personal Finance,C0030781,Hire Purchase,A43819857,44164,Inside,Documentation,39903,Direct,No Issue,,
44165,South East,Personal Finance,C0050377,Personal Loan,A41082302,44180,Outside,Payments,49117,Referrals,No Issue,,
44148,Midlands,Corporate Finance,C0053393,Contract Hire,A61400948,44162,Outside,Quality Control,88519,Direct,No Issue,,
44139,South East,Corporate Finance,C0050646,Corporate Loan,A39116111,44153,Outside,KYC,93118,Broker,No Issue,,
44156,Scotland,Corporate Finance,C0031421,Contract Hire,A60705207,44171,Outside,Validation,93192,Direct,No Issue,,
44138,North East,Commercial Finance,C0030573,Hire Purchase,A63333890,44155,Outside,Documentation,24821,Referrals,No Issue,,
44156,South East,Personal Finance,C0070711,Hire Purchase,A47726585,44169,Inside,Quality Control,87200,Broker,No Issue,,
44137,North East,Corporate Finance,C0019426,Corporate Loan,A32581813,44149,Inside,Documentation,78967,Direct,Regulatory,Web Chat,Human Error
44145,North East,Corporate Finance,C0073963,Corporate Loan,A32677662,44152,Inside,Payments,17193,Direct,No Issue,,
44160,South East,Personal Finance,C0066403,Hire Purchase,A30730128,44166,Inside,Documentation,14817,Referrals,Sales,Mobile Chat,Human Error
44143,North East,Corporate Finance,C0086446,Hire Purchase,A78848194,44152,Inside,Payments,83888,Referrals,No Issue,,
44152,South West,Personal Finance,C0021171,Personal Loan,A52255066,44164,Inside,Application,99438,Referrals,No Issue,,
44138,South East,Corporate Finance,C0042066,Contract Hire,A94965907,44150,Inside,Payments,12094,Referrals,Decision,Face to Face,Non Human Error
44154,Wales,Personal Finance,C0089620,Personal Loan,A87071434,44170,Outside,Documentation,99345,Referrals,No Issue,,
44146,North West,Corporate Finance,C0085851,Hire Purchase,A69366814,44158,Inside,Documentation,74483,Referrals,No Issue,,
44138,South West,Commercial Finance,C0055631,Hire Purchase,A81206631,44144,Inside,Quality Control,77350,Referrals,No Issue,,
44154,North,Commercial Finance,C0032356,Leasing,A38729732,44168,Outside,Application,99419,Broker,Regulatory,Social Media,Human Error
44155,North West,Personal Finance,C0091495,Personal Loan,A84642869,44172,Outside,Validation,17837,Broker,Sales,Web Chat,Human Error
44152,South West,Personal Finance,C0035247,Hire Purchase,A44509944,44162,Inside,Collections,2008,Referrals,Payments,Web Chat,Human Error
44164,North,Personal Finance,C0034639,Hire Purchase,A44968676,44176,Inside,Quality Control,93443,Referrals,No Issue,,
44147,Wales,Personal Finance,C0080404,Leasing,A36561804,44155,Inside,Payments,82084,Referrals,No Issue,,
44143,South East,Corporate Finance,C0066287,Corporate Loan,A82076831,44158,Outside,KYC,30723,Referrals,No Issue,,
44165,South West,Commercial Finance,C0095112,Commercial Loan,A62437462,44172,Inside,Underwriting,60683,Broker,No Issue,,
44137,North East,Corporate Finance,C0062389,Leasing,A91838212,44147,Inside,Underwriting,44536,Referrals,No Issue,,
44138,Midlands,Commercial Finance,C0056170,Commercial Loan,A63874316,44144,Inside,Quality Control,86008,Referrals,Sales,Mobile Chat,Human Error
44165,North,Commercial Finance,C0039735,Commercial Loan,A64410133,44175,Inside,Collections,9740,Broker,No Issue,,
44147,North East,Personal Finance,C0094927,Personal Loan,A49982465,44158,Inside,Underwriting,83772,Referrals,No Issue,,
44157,Midlands,Personal Finance,C0097293,Leasing,A67608055,44164,Inside,Application,93873,Broker,No Issue,,
44154,North East,Personal Finance,C0062121,Hire Purchase,A63587601,44167,Inside,Application,93913,Broker,No Issue,,
44146,North West,Corporate Finance,C0080926,Hire Purchase,A59409594,44156,Inside,Documentation,75936,Direct,No Issue,,
44147,Wales,Commercial Finance,C0041724,Contract Hire,A66024577,44158,Inside,Underwriting,63835,Referrals,No Issue,,
44142,South East,Commercial Finance,C0023462,Commercial Loan,A31475052,44149,Inside,Validation,2486,Broker,No Issue,,
44154,Scotland,Commercial Finance,C0031898,Commercial Loan,A40369482,44163,Inside,Underwriting,80585,Referrals,Regulatory,Web Chat,Human Error
44158,South East,Personal Finance,C0046413,Personal Loan,A67863234,44173,Outside,Underwriting,64440,Direct,No Issue,,
44149,North West,Corporate Finance,C0056732,Corporate Loan,A83486979,44159,Inside,Documentation,24955,Broker,No Issue,,
44145,North West,Corporate Finance,C0031745,Leasing,A44210622,44159,Outside,Documentation,69102,Broker,No Issue,,
44160,North West,Personal Finance,C0022970,Leasing,A37908705,44171,Inside,Quality Control,56995,Broker,No Issue,,
44148,North West,Personal Finance,C0061936,Hire Purchase,A86507670,44163,Outside,Quality Control,88175,Direct,No Issue,,
44163,North East,Personal Finance,C0040238,Personal Loan,A89586544,44171,Inside,Collections,80738,Direct,No Issue,,
44150,Wales,Corporate Finance,C0019590,Corporate Loan,A69587764,44156,Inside,Collections,15485,Direct,Documentation,Mail,Non Human Error
44154,North West,Corporate Finance,C0053808,Corporate Loan,A91148446,44169,Outside,Application,67673,Referrals,Payments,Face to Face,Non Human Error
44161,Scotland,Corporate Finance,C0064633,Hire Purchase,A46903547,44178,Outside,Payments,62827,Direct,No Issue,,
44162,Midlands,Personal Finance,C0069257,Personal Loan,A52599549,44169,Inside,Payments,4129,Direct,No Issue,,
44159,North East,Personal Finance,C0087970,Leasing,A29938737,44169,Inside,Underwriting,37246,Referrals,Decision,Mail,Human Error
44147,Wales,Personal Finance,C0053221,Personal Loan,A97483504,44159,Inside,Collections,54350,Direct,No Issue,,
44164,North,Commercial Finance,C0049969,Leasing,A96922430,44172,Inside,Validation,85564,Direct,No Issue,,
44158,Midlands,Corporate Finance,C0075860,Contract Hire,A54190673,44172,Outside,Quality Control,39368,Broker,No Issue,,
44155,Midlands,Commercial Finance,C0081524,Hire Purchase,A73795080,44161,Inside,Documentation,43417,Direct,No Issue,,
44155,South East,Personal Finance,C0096998,Personal Loan,A44218043,44164,Inside,Payments,47352,Broker,No Issue,,
44164,South East,Commercial Finance,C0043400,Leasing,A72469316,44171,Inside,Quality Control,12401,Referrals,No Issue,,
44137,Wales,Personal Finance,C0055836,Leasing,A35208856,44147,Inside,KYC,14307,Referrals,No Issue,,
44162,Scotland,Commercial Finance,C0057219,Commercial Loan,A84060347,44175,Inside,Collections,81856,Broker,No Issue,,
44138,North East,Corporate Finance,C0095415,Contract Hire,A54215872,44154,Outside,Payments,2008,Referrals,No Issue,,
44150,Wales,Personal Finance,C0031543,Personal Loan,A89111070,44157,Inside,Collections,44590,Broker,No Issue,,
44149,South East,Personal Finance,C0033158,Personal Loan,A67123205,44162,Inside,Validation,46350,Broker,No Issue,,
44159,South East,Personal Finance,C0094912,Leasing,A66346844,44168,Inside,KYC,38853,Referrals,Documentation,Mobile Chat,Non Human Error
44138,Midlands,Corporate Finance,C0097665,Contract Hire,A74668292,44149,Inside,Documentation,64497,Direct,No Issue,,
44154,Scotland,Commercial Finance,C0078461,Contract Hire,A45623074,44169,Outside,Documentation,11838,Broker,No Issue,,
44148,Midlands,Corporate Finance,C0076901,Corporate Loan,A53463012,44159,Inside,KYC,60100,Broker,No Issue,,
44139,North,Commercial Finance,C0079464,Contract Hire,A41565814,44154,Outside,Validation,19619,Broker,No Issue,,
44142,Wales,Commercial Finance,C0095494,Commercial Loan,A93013188,44149,Inside,Application,26687,Broker,Decision,E-mail,Non Human Error
44156,South East,Personal Finance,C0050390,Hire Purchase,A51018352,44167,Inside,KYC,39118,Direct,Sales,Social Media,Human Error
44142,Midlands,Personal Finance,C0059064,Hire Purchase,A80779817,44150,Inside,Underwriting,23806,Broker,No Issue,,
44160,North East,Personal Finance,C0056593,Leasing,A32205160,44173,Inside,Validation,39345,Broker,No Issue,,
44160,North,Commercial Finance,C0057198,Hire Purchase,A68743203,44175,Outside,Documentation,43629,Referrals,Payments,Face to Face,Human Error
44137,Midlands,Commercial Finance,C0043629,Contract Hire,A95708011,44147,Inside,Documentation,55377,Direct,No Issue,,
44165,North West,Corporate Finance,C0044423,Corporate Loan,A44348803,44173,Inside,Collections,78947,Broker,No Issue,,
44153,South East,Personal Finance,C0061721,Leasing,A44087371,44166,Inside,Payments,30971,Direct,No Issue,,
44161,South West,Corporate Finance,C0055451,Leasing,A73266092,44175,Outside,KYC,49165,Direct,No Issue,,
44149,North,Personal Finance,C0092511,Hire Purchase,A40792143,44162,Inside,Application,14101,Referrals,Decision,Mobile Chat,Non Human Error
44136,North West,Personal Finance,C0032094,Personal Loan,A74369593,44153,Outside,Payments,91891,Direct,Sales,Mobile Chat,Non Human Error
44141,North,Corporate Finance,C0082533,Corporate Loan,A60160768,44149,Inside,Quality Control,48119,Referrals,No Issue,,
44147,Wales,Personal Finance,C0078439,Hire Purchase,A72127405,44157,Inside,Underwriting,82786,Direct,No Issue,,
44142,South East,Commercial Finance,C0071202,Commercial Loan,A34805122,44149,Inside,Application,79595,Referrals,No Issue,,
44164,North West,Personal Finance,C0069112,Personal Loan,A42752283,44174,Inside,KYC,38837,Referrals,No Issue,,
44153,South East,Personal Finance,C0084494,Hire Purchase,A72142792,44163,Inside,Validation,22871,Referrals,Decision,Mobile Chat,Non Human Error
44150,Midlands,Personal Finance,C0084344,Leasing,A42982586,44157,Inside,Payments,85942,Broker,No Issue,,
44149,North,Commercial Finance,C0050836,Hire Purchase,A30236081,44162,Inside,Documentation,8014,Referrals,Payments,Web Chat,Non Human Error
44146,South East,Commercial Finance,C0049395,Hire Purchase,A68395942,44153,Inside,Collections,43196,Referrals,Sales,Face to Face,Non Human Error
44164,North East,Personal Finance,C0034705,Hire Purchase,A52743504,44179,Outside,Collections,11567,Broker,No Issue,,
44161,South West,Personal Finance,C0078740,Personal Loan,A86115103,44175,Outside,Application,60990,Direct,Sales,E-mail,Human Error
44141,Midlands,Corporate Finance,C0026758,Hire Purchase,A84792078,44152,Inside,Payments,79767,Broker,Regulatory,Web Chat,Human Error
44150,South West,Commercial Finance,C0057117,Hire Purchase,A81134547,44157,Inside,KYC,60196,Broker,No Issue,,
44157,Scotland,Commercial Finance,C0086852,Contract Hire,A50057875,44165,Inside,Documentation,11469,Broker,No Issue,,
44149,North East,Commercial Finance,C0061539,Leasing,A38808887,44155,Inside,Validation,81717,Direct,No Issue,,
44136,North,Corporate Finance,C0083005,Corporate Loan,A35952735,44143,Inside,Payments,35545,Referrals,No Issue,,
44150,North East,Corporate Finance,C0082365,Leasing,A62532018,44167,Outside,Quality Control,48792,Broker,No Issue,,
44165,Scotland,Corporate Finance,C0051695,Corporate Loan,A58508885,44177,Inside,Collections,35800,Referrals,No Issue,,
44153,Scotland,Corporate Finance,C0095611,Contract Hire,A68910517,44166,Inside,Quality Control,66416,Direct,No Issue,,
44143,Midlands,Personal Finance,C0019529,Personal Loan,A94062718,44156,Inside,Validation,83057,Direct,Sales,E-mail,Non Human Error
44161,South West,Corporate Finance,C0021412,Corporate Loan,A58303941,44176,Outside,Application,14535,Referrals,No Issue,,
44153,Midlands,Commercial Finance,C0084240,Commercial Loan,A40371950,44159,Inside,Validation,96078,Broker,No Issue,,
44155,Scotland,Corporate Finance,C0054248,Hire Purchase,A76011508,44163,Inside,Payments,49682,Broker,No Issue,,
44138,Scotland,Commercial Finance,C0095526,Contract Hire,A29153796,44146,Inside,KYC,40083,Referrals,No Issue,,
44141,North West,Commercial Finance,C0088365,Commercial Loan,A47029887,44154,Inside,Collections,3084,Direct,Payments,Web Chat,Non Human Error
44141,North,Commercial Finance,C0090440,Commercial Loan,A95153104,44157,Outside,Documentation,11652,Broker,No Issue,,
44144,Scotland,Personal Finance,C0090299,Personal Loan,A30672928,44161,Outside,KYC,7729,Referrals,No Issue,,
44150,South East,Commercial Finance,C0019643,Commercial Loan,A42042904,44162,Inside,Underwriting,13110,Referrals,No Issue,,
44140,North,Personal Finance,C0058736,Personal Loan,A53694163,44148,Inside,Payments,22462,Broker,Regulatory,Social Media,Non Human Error
44159,North East,Personal Finance,C0024468,Leasing,A68616642,44170,Inside,Documentation,16889,Broker,No Issue,,
44140,North,Personal Finance,C0094150,Leasing,A37407647,44146,Inside,Application,21003,Broker,Regulatory,Mobile Chat,Human Error
44156,South West,Commercial Finance,C0040270,Contract Hire,A59179417,44170,Outside,Validation,77894,Referrals,Documentation,Mail,Human Error
44153,South East,Personal Finance,C0076183,Personal Loan,A76051729,44165,Inside,Collections,71356,Broker,Regulatory,E-mail,Human Error
44149,North East,Personal Finance,C0035885,Personal Loan,A46347026,44162,Inside,Documentation,81476,Broker,Documentation,Social Media,Non Human Error
44162,North,Corporate Finance,C0089320,Corporate Loan,A89650265,44177,Outside,Documentation,45051,Direct,Payments,Web Chat,Human Error
44145,South West,Corporate Finance,C0095055,Hire Purchase,A37792447,44152,Inside,Application,76963,Broker,Sales,Telephone,Non Human Error
44152,Scotland,Personal Finance,C0066057,Personal Loan,A85447871,44166,Outside,Collections,16656,Direct,No Issue,,
44141,South West,Corporate Finance,C0038895,Corporate Loan,A91675387,44148,Inside,Payments,13970,Direct,No Issue,,
44141,North East,Corporate Finance,C0076360,Leasing,A90243512,44148,Inside,Payments,48812,Direct,No Issue,,
44138,South East,Corporate Finance,C0026363,Hire Purchase,A50661564,44152,Outside,Documentation,84206,Direct,Sales,Mobile Chat,Non Human Error
44159,North East,Commercial Finance,C0031667,Leasing,A87030177,44170,Inside,Quality Control,76224,Broker,No Issue,,
44159,South East,Personal Finance,C0063194,Hire Purchase,A45496812,44171,Inside,Underwriting,38585,Direct,No Issue,,
44150,Midlands,Corporate Finance,C0036474,Hire Purchase,A94988153,44163,Inside,Payments,4188,Referrals,Sales,Face to Face,Human Error
44159,Midlands,Corporate Finance,C0056652,Hire Purchase,A52418650,44168,Inside,Underwriting,94574,Direct,No Issue,,
44161,North,Corporate Finance,C0059387,Leasing,A83046958,44177,Outside,Application,26997,Direct,Sales,Face to Face,Non Human Error
44145,Scotland,Personal Finance,C0044120,Leasing,A64264975,44158,Inside,KYC,46586,Referrals,No Issue,,
44165,North East,Personal Finance,C0037054,Personal Loan,A71276748,44173,Inside,Documentation,98926,Referrals,Decision,Mail,Human Error
44147,Midlands,Commercial Finance,C0078191,Leasing,A69745356,44164,Outside,Underwriting,73231,Broker,No Issue,,
44151,Wales,Corporate Finance,C0041930,Hire Purchase,A41722247,44158,Inside,Quality Control,35640,Direct,No Issue,,
44157,North West,Personal Finance,C0086535,Personal Loan,A57779264,44169,Inside,KYC,40489,Referrals,Decision,E-mail,Human Error
44145,Scotland,Commercial Finance,C0036456,Contract Hire,A59008235,44157,Inside,KYC,98150,Broker,Sales,Face to Face,Non Human Error
44149,South West,Personal Finance,C0081359,Hire Purchase,A61579995,44165,Outside,Validation,28627,Broker,No Issue,,
44138,North East,Commercial Finance,C0056954,Leasing,A28717164,44147,Inside,Collections,2373,Direct,No Issue,,
44152,Wales,Commercial Finance,C0058125,Hire Purchase,A72177077,44159,Inside,Underwriting,52489,Broker,Regulatory,Social Media,Human Error
44138,Midlands,Commercial Finance,C0045934,Commercial Loan,A63813822,44145,Inside,Collections,98976,Referrals,Documentation,E-mail,Human Error
44152,South West,Commercial Finance,C0097534,Commercial Loan,A80515604,44160,Inside,Validation,6004,Referrals,No Issue,,
44160,North West,Commercial Finance,C0088465,Contract Hire,A64089988,44167,Inside,Underwriting,96718,Broker,Decision,Social Media,Non Human Error
44138,South West,Personal Finance,C0091835,Leasing,A57357350,44145,Inside,Payments,81465,Broker,No Issue,,
44150,Midlands,Personal Finance,C0024044,Leasing,A35196207,44165,Outside,Application,38350,Broker,No Issue,,
44150,Midlands,Corporate Finance,C0044453,Leasing,A65376076,44159,Inside,Documentation,50802,Referrals,No Issue,,
44162,North East,Commercial Finance,C0065187,Contract Hire,A62914266,44169,Inside,Underwriting,12727,Referrals,Sales,Mobile Chat,Non Human Error
44143,Scotland,Commercial Finance,C0068883,Hire Purchase,A88267509,44152,Inside,Documentation,5070,Broker,No Issue,,
44156,North,Commercial Finance,C0046142,Contract Hire,A34982615,44172,Outside,Quality Control,55232,Referrals,No Issue,,
44161,Wales,Personal Finance,C0079042,Personal Loan,A87925548,44175,Outside,Documentation,92805,Broker,No Issue,,
44142,Scotland,Commercial Finance,C0023977,Commercial Loan,A39625856,44152,Inside,Application,82093,Referrals,Payments,Mail,Non Human Error
44159,South East,Commercial Finance,C0030013,Hire Purchase,A81935897,44167,Inside,Underwriting,32331,Referrals,No Issue,,
44145,Midlands,Personal Finance,C0074458,Hire Purchase,A48749506,44161,Outside,KYC,49316,Broker,No Issue,,
44155,South East,Commercial Finance,C0046011,Contract Hire,A74286700,44171,Outside,Documentation,13938,Referrals,No Issue,,
44142,Wales,Corporate Finance,C0046995,Hire Purchase,A36735040,44148,Inside,Documentation,61732,Referrals,No Issue,,
44165,South East,Commercial Finance,C0071978,Commercial Loan,A37518021,44174,Inside,Documentation,11895,Broker,No Issue,,
44157,Wales,Commercial Finance,C0073397,Hire Purchase,A40329076,44174,Outside,Payments,17946,Broker,No Issue,,
44148,Midlands,Commercial Finance,C0043002,Leasing,A67503654,44155,Inside,Application,93097,Direct,No Issue,,
44140,Midlands,Corporate Finance,C0078606,Leasing,A76991311,44151,Inside,Application,92161,Broker,Decision,Face to Face,Human Error
44162,Scotland,Personal Finance,C0080030,Personal Loan,A52328581,44178,Outside,Application,32566,Referrals,No Issue,,
44158,South West,Commercial Finance,C0034757,Hire Purchase,A29082171,44170,Inside,Validation,22906,Broker,No Issue,,
44158,Midlands,Personal Finance,C0026638,Leasing,A94923695,44172,Outside,Documentation,34535,Referrals,No Issue,,
44140,North,Commercial Finance,C0048796,Hire Purchase,A41507665,44156,Outside,Collections,36140,Referrals,Regulatory,Mobile Chat,Non Human Error
44144,South West,Corporate Finance,C0035663,Hire Purchase,A74030865,44153,Inside,Documentation,15545,Broker,Sales,Mail,Human Error
44144,Midlands,Corporate Finance,C0070251,Leasing,A37599265,44160,Outside,Application,2606,Direct,No Issue,,
44162,North East,Commercial Finance,C0066574,Contract Hire,A44672355,44172,Inside,Application,5107,Direct,No Issue,,
44155,Midlands,Corporate Finance,C0083203,Contract Hire,A96848907,44166,Inside,KYC,94420,Direct,No Issue,,
44137,North West,Corporate Finance,C0040745,Contract Hire,A77353990,44154,Outside,Payments,14517,Broker,No Issue,,
44143,Scotland,Corporate Finance,C0081791,Leasing,A80555296,44151,Inside,Underwriting,17814,Direct,Payments,Social Media,Non Human Error
44158,South East,Corporate Finance,C0026992,Hire Purchase,A77148732,44169,Inside,Collections,45413,Direct,Regulatory,Mobile Chat,Human Error
44141,South East,Personal Finance,C0055866,Personal Loan,A79489265,44156,Outside,Quality Control,11385,Direct,No Issue,,
44145,South West,Corporate Finance,C0033443,Hire Purchase,A31961887,44161,Outside,KYC,27462,Referrals,Documentation,Social Media,Human Error
44143,Scotland,Commercial Finance,C0025467,Commercial Loan,A72234193,44150,Inside,Validation,74838,Referrals,No Issue,,
44150,Wales,Personal Finance,C0050212,Personal Loan,A50924921,44161,Inside,Quality Control,79307,Broker,No Issue,,
44152,South East,Corporate Finance,C0079931,Leasing,A67387180,44165,Inside,Validation,87719,Referrals,Regulatory,Mobile Chat,Human Error
44163,South West,Corporate Finance,C0041464,Leasing,A71971763,44170,Inside,Underwriting,91351,Referrals,Regulatory,Mail,Human Error
44137,Midlands,Personal Finance,C0071630,Hire Purchase,A96638282,44143,Inside,Underwriting,24466,Broker,No Issue,,
44165,South West,Personal Finance,C0088375,Hire Purchase,A79142256,44175,Inside,Underwriting,80646,Direct,No Issue,,
44151,Midlands,Corporate Finance,C0053376,Leasing,A64774155,44160,Inside,Documentation,83448,Broker,Documentation,E-mail,Human Error
44142,North,Commercial Finance,C0062486,Hire Purchase,A37624923,44150,Inside,Collections,38240,Broker,No Issue,,
44160,North,Corporate Finance,C0082108,Hire Purchase,A32805706,44168,Inside,Validation,52511,Direct,Payments,Social Media,Human Error
44165,North,Personal Finance,C0038496,Hire Purchase,A66258657,44179,Outside,Quality Control,58605,Direct,Regulatory,Mobile Chat,Human Error
44158,North East,Personal Finance,C0042670,Leasing,A82156333,44173,Outside,Collections,65660,Direct,No Issue,,
44151,North West,Commercial Finance,C0027621,Commercial Loan,A58512676,44166,Outside,Documentation,30151,Referrals,Decision,Telephone,Non Human Error
44144,North East,Corporate Finance,C0019885,Leasing,A76169865,44151,Inside,Payments,52386,Direct,Payments,Web Chat,Human Error
44164,South West,Corporate Finance,C0041214,Contract Hire,A73642802,44175,Inside,Quality Control,58754,Referrals,No Issue,,
44155,Midlands,Personal Finance,C0022182,Personal Loan,A75365497,44161,Inside,Application,68008,Direct,No Issue,,
44163,North West,Corporate Finance,C0038975,Corporate Loan,A53643045,44180,Outside,Payments,48299,Referrals,No Issue,,
44147,South West,Corporate Finance,C0097071,Leasing,A43804878,44154,Inside,Application,37450,Broker,Documentation,E-mail,Human Error
44144,North,Corporate Finance,C0026005,Corporate Loan,A40256689,44157,Inside,Application,84126,Direct,Decision,Telephone,Non Human Error
44145,North,Corporate Finance,C0028567,Hire Purchase,A36973908,44158,Inside,Validation,98290,Direct,No Issue,,
44146,Scotland,Personal Finance,C0038934,Personal Loan,A77206930,44157,Inside,Quality Control,13546,Broker,No Issue,,
44152,Scotland,Commercial Finance,C0054239,Commercial Loan,A79895355,44159,Inside,Quality Control,78293,Broker,No Issue,,
44150,South West,Commercial Finance,C0091863,Leasing,A93286684,44165,Outside,KYC,66010,Broker,No Issue,,
44141,Scotland,Commercial Finance,C0037275,Commercial Loan,A78706452,44156,Outside,Validation,26792,Referrals,No Issue,,
44150,North West,Commercial Finance,C0061571,Commercial Loan,A44886207,44161,Inside,Payments,9888,Direct,Payments,Mobile Chat,Non Human Error
44154,Scotland,Corporate Finance,C0034567,Hire Purchase,A58524475,44166,Inside,KYC,99219,Referrals,No Issue,,
44164,Scotland,Commercial Finance,C0027685,Commercial Loan,A74605779,44175,Inside,Application,71922,Direct,Regulatory,Telephone,Human Error
44160,South West,Corporate Finance,C0063109,Corporate Loan,A44952869,44171,Inside,Underwriting,97000,Broker,Decision,Telephone,Human Error
44148,South West,Corporate Finance,C0046260,Hire Purchase,A70153822,44165,Outside,Application,84226,Direct,Decision,Telephone,Human Error
44163,North West,Corporate Finance,C0044930,Leasing,A43568809,44175,Inside,Quality Control,33894,Direct,No Issue,,
44154,North,Personal Finance,C0034885,Leasing,A38750662,44165,Inside,Validation,19255,Direct,No Issue,,
44150,South West,Personal Finance,C0085069,Personal Loan,A30920519,44159,Inside,Quality Control,87568,Direct,Sales,Mobile Chat,Human Error
44143,North,Corporate Finance,C0028327,Leasing,A71739039,44159,Outside,KYC,16372,Direct,No Issue,,
44156,Midlands,Corporate Finance,C0076676,Hire Purchase,A67898556,44168,Inside,KYC,67215,Broker,Regulatory,Social Media,Human Error
44149,North,Corporate Finance,C0021425,Hire Purchase,A78301808,44155,Inside,Payments,76087,Referrals,Payments,Web Chat,Human Error
44145,South West,Commercial Finance,C0023007,Contract Hire,A68883507,44153,Inside,Validation,18455,Direct,No Issue,,
44139,Scotland,Corporate Finance,C0059531,Leasing,A92683366,44146,Inside,KYC,67998,Broker,No Issue,,
44164,Wales,Personal Finance,C0021275,Personal Loan,A52634987,44179,Outside,Validation,81185,Direct,Payments,Face to Face,Human Error
44160,Wales,Corporate Finance,C0037761,Contract Hire,A51243277,44166,Inside,Application,42288,Direct,No Issue,,
44164,South West,Personal Finance,C0072976,Personal Loan,A44215190,44170,Inside,Validation,22840,Direct,No Issue,,
44140,Midlands,Commercial Finance,C0055352,Leasing,A51479182,44146,Inside,Collections,18354,Direct,No Issue,,
44146,North,Personal Finance,C0086176,Personal Loan,A77668412,44159,Inside,Underwriting,82473,Referrals,No Issue,,
44165,Wales,Personal Finance,C0076017,Leasing,A31578577,44182,Outside,Quality Control,85438,Referrals,No Issue,,
44160,North,Personal Finance,C0036391,Leasing,A57636144,44176,Outside,Quality Control,94065,Broker,Sales,Telephone,Human Error
44150,North East,Corporate Finance,C0034249,Contract Hire,A45526695,44161,Inside,Documentation,57310,Direct,Documentation,Mail,Non Human Error
44150,North East,Personal Finance,C0059807,Hire Purchase,A95049602,44166,Outside,Application,15022,Direct,No Issue,,
44163,South West,Corporate Finance,C0075907,Corporate Loan,A38337865,44174,Inside,Validation,42094,Broker,No Issue,,
44160,Wales,Personal Finance,C0083255,Personal Loan,A73284874,44173,Inside,Application,35994,Direct,No Issue,,
44145,North East,Corporate Finance,C0065807,Contract Hire,A34408999,44158,Inside,Quality Control,36481,Direct,No Issue,,
44161,North East,Corporate Finance,C0068275,Leasing,A32890615,44171,Inside,Underwriting,8131,Broker,Regulatory,E-mail,Non Human Error
44155,North,Corporate Finance,C0049670,Leasing,A82787966,44172,Outside,KYC,96477,Referrals,Regulatory,Web Chat,Human Error
44164,South East,Commercial Finance,C0064569,Leasing,A88774202,44177,Inside,Underwriting,7626,Referrals,No Issue,,
44146,Wales,Commercial Finance,C0036397,Leasing,A64170510,44154,Inside,Application,765,Broker,Regulatory,Social Media,Non Human Error
44155,South East,Corporate Finance,C0083943,Contract Hire,A85716437,44164,Inside,Documentation,99671,Direct,No Issue,,
44148,South West,Commercial Finance,C0054650,Leasing,A89911390,44157,Inside,Underwriting,99732,Referrals,No Issue,,
44150,North,Corporate Finance,C0029959,Contract Hire,A65253004,44165,Outside,KYC,16050,Broker,Payments,Mobile Chat,Human Error
44156,South West,Personal Finance,C0096174,Hire Purchase,A95984119,44163,Inside,Quality Control,47002,Referrals,Sales,Telephone,Human Error
44137,North East,Personal Finance,C0064870,Leasing,A42302850,44146,Inside,Quality Control,38864,Broker,No Issue,,
44164,North West,Personal Finance,C0088777,Personal Loan,A42380747,44180,Outside,Application,32950,Referrals,No Issue,,
44159,Midlands,Personal Finance,C0025170,Leasing,A96490883,44166,Inside,Documentation,91258,Direct,No Issue,,
44161,Midlands,Commercial Finance,C0064590,Contract Hire,A84534273,44174,Inside,Validation,40164,Broker,No Issue,,
44162,North East,Corporate Finance,C0030298,Hire Purchase,A50212443,44174,Inside,KYC,88144,Referrals,No Issue,,
44144,Midlands,Personal Finance,C0023438,Hire Purchase,A65640181,44150,Inside,Documentation,7382,Referrals,No Issue,,
44139,South West,Commercial Finance,C0070138,Commercial Loan,A90851427,44150,Inside,Quality Control,42335,Referrals,No Issue,,
44140,South East,Commercial Finance,C0027996,Commercial Loan,A50701930,44147,Inside,KYC,28839,Broker,No Issue,,
44151,North,Commercial Finance,C0067777,Commercial Loan,A29168665,44161,Inside,Underwriting,78466,Broker,No Issue,,
44140,North,Corporate Finance,C0039599,Contract Hire,A63076620,44155,Outside,Quality Control,27988,Broker,No Issue,,
44143,Wales,Commercial Finance,C0032980,Commercial Loan,A77954481,44159,Outside,Validation,81483,Broker,No Issue,,
44154,Wales,Corporate Finance,C0028481,Corporate Loan,A72111853,44162,Inside,Quality Control,2417,Referrals,No Issue,,
44152,Midlands,Corporate Finance,C0079710,Leasing,A48872358,44161,Inside,Documentation,69301,Referrals,No Issue,,
44161,South West,Corporate Finance,C0030562,Contract Hire,A85549665,44168,Inside,KYC,35697,Direct,Payments,Mail,Non Human Error
44164,North East,Commercial Finance,C0071849,Contract Hire,A96642382,44175,Inside,Validation,2468,Direct,No Issue,,
44160,South East,Personal Finance,C0070392,Leasing,A95881586,44177,Outside,Validation,83583,Broker,No Issue,,
44148,North,Commercial Finance,C0078751,Leasing,A71995624,44158,Inside,KYC,23362,Broker,Regulatory,E-mail,Human Error
44148,Scotland,Corporate Finance,C0090495,Corporate Loan,A43081579,44157,Inside,Payments,91995,Broker,No Issue,,
44148,North,Personal Finance,C0082858,Leasing,A84258242,44155,Inside,Documentation,7651,Referrals,Documentation,Telephone,Human Error
44142,South East,Corporate Finance,C0090268,Contract Hire,A40419351,44158,Outside,Validation,20474,Broker,Sales,Social Media,Non Human Error
44154,North East,Commercial Finance,C0052843,Hire Purchase,A94770278,44165,Inside,Payments,71432,Broker,No Issue,,
44153,North East,Corporate Finance,C0035288,Hire Purchase,A88226176,44163,Inside,Collections,11992,Broker,No Issue,,
44164,South East,Commercial Finance,C0042114,Leasing,A54613064,44180,Outside,Payments,35833,Direct,Regulatory,E-mail,Non Human Error
44144,Midlands,Commercial Finance,C0079469,Contract Hire,A28924661,44157,Inside,Underwriting,69246,Direct,Decision,Mail,Human Error
44160,South West,Commercial Finance,C0030602,Leasing,A80144553,44168,Inside,Validation,70077,Direct,Sales,Web Chat,Non Human Error
44157,Scotland,Corporate Finance,C0034756,Leasing,A56101993,44168,Inside,Application,47164,Broker,Sales,Mobile Chat,Non Human Error
44136,North West,Personal Finance,C0050855,Personal Loan,A86875213,44149,Inside,Underwriting,16926,Direct,No Issue,,
44162,Wales,Commercial Finance,C0026605,Commercial Loan,A43022573,44179,Outside,KYC,48905,Referrals,No Issue,,
44138,North,Commercial Finance,C0058149,Contract Hire,A38909144,44144,Inside,Documentation,9740,Direct,No Issue,,
44152,South West,Commercial Finance,C0031955,Contract Hire,A73699304,44167,Outside,Documentation,40359,Direct,Sales,Mobile Chat,Non Human Error
44155,Midlands,Personal Finance,C0083078,Hire Purchase,A70584322,44171,Outside,KYC,73634,Referrals,No Issue,,
44161,South East,Corporate Finance,C0075810,Contract Hire,A55534181,44172,Inside,Application,91260,Direct,No Issue,,
44151,Midlands,Corporate Finance,C0082541,Contract Hire,A86853216,44165,Outside,Payments,53204,Referrals,Decision,Telephone,Human Error
44139,Scotland,Personal Finance,C0081152,Leasing,A28676496,44145,Inside,Quality Control,56891,Direct,No Issue,,
44158,North,Personal Finance,C0041790,Personal Loan,A61712199,44168,Inside,Underwriting,19763,Broker,No Issue,,
44139,North,Personal Finance,C0093968,Personal Loan,A34734079,44152,Inside,KYC,27480,Broker,No Issue,,
44151,Midlands,Corporate Finance,C0047164,Leasing,A51440093,44160,Inside,Documentation,61686,Referrals,Decision,Face to Face,Human Error
44147,Wales,Personal Finance,C0049724,Personal Loan,A57766664,44159,Inside,Payments,42714,Direct,No Issue,,
44161,South East,Corporate Finance,C0044584,Leasing,A68528780,44168,Inside,Payments,34291,Referrals,No Issue,,
44139,Wales,Corporate Finance,C0069881,Contract Hire,A38746375,44152,Inside,Collections,81898,Direct,No Issue,,
44156,Scotland,Corporate Finance,C0053534,Corporate Loan,A61588021,44173,Outside,Payments,47051,Referrals,No Issue,,
44142,North West,Personal Finance,C0022637,Hire Purchase,A38283682,44159,Outside,KYC,55264,Broker,No Issue,,
44146,Scotland,Corporate Finance,C0042228,Hire Purchase,A33562543,44157,Inside,Underwriting,17831,Referrals,No Issue,,
44162,Wales,Corporate Finance,C0027921,Leasing,A51105472,44172,Inside,Underwriting,76209,Referrals,Payments,Web Chat,Human Error
44141,Scotland,Commercial Finance,C0041048,Commercial Loan,A48366366,44151,Inside,Application,1635,Broker,No Issue,,
44152,North,Personal Finance,C0094746,Leasing,A57828540,44162,Inside,Documentation,59636,Referrals,No Issue,,
44144,South East,Personal Finance,C0031860,Personal Loan,A37155477,44152,Inside,Payments,32353,Direct,No Issue,,
44151,Wales,Corporate Finance,C0034931,Corporate Loan,A48492166,44160,Inside,Collections,83868,Broker,No Issue,,
44136,Wales,Commercial Finance,C0059218,Contract Hire,A36021846,44142,Inside,KYC,95640,Referrals,No Issue,,
44142,Scotland,Commercial Finance,C0072368,Leasing,A42168837,44159,Outside,Validation,29660,Direct,Sales,Mail,Human Error
44154,Wales,Commercial Finance,C0073665,Commercial Loan,A65099370,44170,Outside,Documentation,32793,Broker,No Issue,,
44146,Wales,Commercial Finance,C0085511,Commercial Loan,A48752038,44161,Outside,Documentation,99477,Direct,Payments,Mobile Chat,Human Error
44144,Scotland,Personal Finance,C0043218,Personal Loan,A50526938,44161,Outside,Collections,8278,Referrals,No Issue,,
44136,North West,Personal Finance,C0038177,Personal Loan,A59416887,44147,Inside,Collections,45760,Broker,Decision,Mail,Non Human Error
44138,Scotland,Commercial Finance,C0029883,Hire Purchase,A74432307,44148,Inside,Payments,48726,Direct,Documentation,Mail,Human Error
44146,North East,Personal Finance,C0035361,Hire Purchase,A56659271,44154,Inside,Quality Control,33890,Broker,No Issue,,
44147,South West,Commercial Finance,C0073182,Contract Hire,A30615149,44155,Inside,Underwriting,22366,Broker,No Issue,,
44151,Midlands,Commercial Finance,C0079934,Leasing,A75063246,44162,Inside,Quality Control,68048,Referrals,No Issue,,
44147,North East,Personal Finance,C0090140,Leasing,A55131583,44157,Inside,Validation,80070,Broker,Sales,E-mail,Human Error
44145,North,Corporate Finance,C0055792,Leasing,A71030156,44162,Outside,Validation,81167,Referrals,No Issue,,
44152,North West,Personal Finance,C0044840,Hire Purchase,A69470501,44169,Outside,Application,74247,Direct,No Issue,,
44151,Wales,Corporate Finance,C0063673,Hire Purchase,A74176701,44167,Outside,Validation,74088,Direct,No Issue,,
44159,Scotland,Personal Finance,C0076582,Personal Loan,A51058995,44174,Outside,Validation,86250,Direct,No Issue,,
44140,North East,Commercial Finance,C0053491,Commercial Loan,A31452847,44155,Outside,Payments,96926,Broker,No Issue,,
44154,North,Corporate Finance,C0084172,Hire Purchase,A94018826,44169,Outside,KYC,29239,Direct,Regulatory,Mobile Chat,Human Error
44153,South West,Commercial Finance,C0031309,Leasing,A37597953,44160,Inside,Validation,40638,Direct,Decision,Social Media,Non Human Error
44138,North West,Personal Finance,C0093109,Hire Purchase,A82617233,44146,Inside,Underwriting,30495,Direct,No Issue,,
44141,South West,Commercial Finance,C0067052,Leasing,A75139296,44155,Outside,Payments,48582,Broker,No Issue,,
44136,North West,Personal Finance,C0043013,Leasing,A47526753,44143,Inside,Documentation,16072,Direct,No Issue,,
44164,Scotland,Personal Finance,C0055950,Hire Purchase,A40196583,44170,Inside,Collections,6104,Direct,Regulatory,Face to Face,Human Error
44154,Midlands,Corporate Finance,C0057878,Hire Purchase,A57284030,44170,Outside,Validation,96689,Referrals,Documentation,Mail,Non Human Error
44149,Midlands,Corporate Finance,C0056890,Hire Purchase,A85543263,44164,Outside,Underwriting,19308,Referrals,Sales,Mail,Human Error
44141,North East,Personal Finance,C0090863,Hire Purchase,A32109962,44154,Inside,Documentation,26451,Referrals,No Issue,,
44139,North,Corporate Finance,C0033991,Contract Hire,A29072474,44148,Inside,Validation,72952,Broker,No Issue,,
44158,Scotland,Commercial Finance,C0019237,Hire Purchase,A97710816,44174,Outside,Application,1008,Referrals,No Issue,,
44143,Wales,Personal Finance,C0038993,Personal Loan,A34792868,44160,Outside,Quality Control,63419,Referrals,No Issue,,
44138,Midlands,Personal Finance,C0042564,Hire Purchase,A35206662,44145,Inside,Application,90908,Broker,No Issue,,
44159,North West,Personal Finance,C0069841,Leasing,A68649627,44169,Inside,Underwriting,42772,Direct,No Issue,,
44140,South West,Commercial Finance,C0066805,Commercial Loan,A41142513,44150,Inside,Validation,83716,Direct,No Issue,,
44156,South West,Corporate Finance,C0042857,Hire Purchase,A88026233,44162,Inside,Validation,1535,Broker,No Issue,,
44161,South West,Corporate Finance,C0053799,Leasing,A74591961,44174,Inside,Application,92547,Broker,No Issue,,
44162,South East,Corporate Finance,C0043577,Leasing,A43786017,44171,Inside,Collections,69766,Broker,No Issue,,
44143,Scotland,Corporate Finance,C0042724,Hire Purchase,A86937900,44150,Inside,Collections,99574,Direct,No Issue,,
44153,North,Commercial Finance,C0035483,Hire Purchase,A61196904,44169,Outside,Underwriting,37408,Referrals,No Issue,,
44151,North East,Personal Finance,C0022117,Leasing,A49523745,44158,Inside,Quality Control,53119,Direct,Documentation,E-mail,Human Error
44165,Scotland,Corporate Finance,C0042768,Hire Purchase,A83053452,44177,Inside,Payments,56641,Referrals,No Issue,,
44158,Scotland,Personal Finance,C0079090,Hire Purchase,A67936267,44175,Outside,Collections,87354,Broker,Decision,Mobile Chat,Non Human Error
44143,Scotland,Personal Finance,C0084952,Leasing,A81872240,44159,Outside,Documentation,57942,Direct,Documentation,Face to Face,Human Error
44136,North East,Personal Finance,C0066153,Personal Loan,A95771024,44152,Outside,Payments,79526,Broker,Payments,Web Chat,Non Human Error
44160,Scotland,Corporate Finance,C0085562,Contract Hire,A53110665,44175,Outside,Collections,7488,Direct,No Issue,,
44139,South East,Corporate Finance,C0092054,Corporate Loan,A30856355,44146,Inside,KYC,50629,Direct,No Issue,,
44164,Scotland,Personal Finance,C0072009,Hire Purchase,A70829927,44175,Inside,Validation,35617,Direct,Sales,Web Chat,Non Human Error
44156,South West,Commercial Finance,C0038810,Commercial Loan,A38326508,44168,Inside,Quality Control,51661,Referrals,Regulatory,Web Chat,Human Error
44148,North,Corporate Finance,C0054483,Hire Purchase,A58144987,44158,Inside,Validation,69002,Direct,No Issue,,
44140,South West,Personal Finance,C0086909,Leasing,A34606026,44149,Inside,Application,52093,Referrals,No Issue,,
44160,Scotland,Corporate Finance,C0042688,Leasing,A38445806,44168,Inside,Payments,28683,Referrals,No Issue,,
44136,Wales,Personal Finance,C0093025,Leasing,A44287962,44146,Inside,KYC,31589,Referrals,No Issue,,
44140,Wales,Corporate Finance,C0092445,Contract Hire,A42730107,44150,Inside,Underwriting,84152,Broker,No Issue,,
44160,South East,Corporate Finance,C0085634,Leasing,A64849849,44177,Outside,KYC,70535,Direct,No Issue,,
44157,South West,Commercial Finance,C0051830,Leasing,A43413809,44173,Outside,Quality Control,38749,Direct,No Issue,,
44163,South East,Personal Finance,C0020827,Hire Purchase,A41617625,44174,Inside,Collections,76301,Referrals,No Issue,,
44147,Midlands,Commercial Finance,C0063062,Hire Purchase,A31589045,44162,Outside,Payments,78083,Direct,No Issue,,
44144,Midlands,Personal Finance,C0077987,Personal Loan,A65276261,44159,Outside,Validation,36270,Referrals,Regulatory,Mail,Non Human Error
44158,South East,Commercial Finance,C0057403,Leasing,A57344172,44165,Inside,Validation,60030,Direct,No Issue,,
44139,Midlands,Corporate Finance,C0062050,Hire Purchase,A94223659,44150,Inside,Quality Control,84544,Referrals,Sales,E-mail,Non Human Error
44149,South East,Commercial Finance,C0050462,Commercial Loan,A60712530,44159,Inside,Documentation,65378,Referrals,Payments,Face to Face,Non Human Error
44150,South West,Corporate Finance,C0038834,Hire Purchase,A77862631,44161,Inside,Documentation,2839,Referrals,No Issue,,
44157,South West,Corporate Finance,C0036996,Hire Purchase,A44326214,44171,Outside,Underwriting,78304,Broker,No Issue,,
44155,Scotland,Commercial Finance,C0040890,Leasing,A40920764,44169,Outside,KYC,47389,Broker,No Issue,,
44154,Wales,Commercial Finance,C0091914,Hire Purchase,A84502930,44165,Inside,Application,98169,Broker,No Issue,,
44151,Midlands,Commercial Finance,C0077698,Commercial Loan,A82367740,44157,Inside,Payments,7577,Referrals,No Issue,,
44158,Midlands,Personal Finance,C0053383,Hire Purchase,A42551702,44171,Inside,Application,22121,Referrals,Regulatory,Web Chat,Human Error
44154,South West,Commercial Finance,C0069295,Hire Purchase,A48171006,44163,Inside,Validation,54652,Referrals,No Issue,,
44144,South West,Personal Finance,C0080723,Hire Purchase,A39008315,44150,Inside,Application,53953,Broker,Regulatory,Face to Face,Non Human Error
44138,North East,Personal Finance,C0081807,Hire Purchase,A79050919,44151,Inside,Payments,57793,Broker,Regulatory,Web Chat,Human Error
44151,North West,Commercial Finance,C0077954,Contract Hire,A42890137,44161,Inside,Documentation,60431,Broker,No Issue,,
44157,South East,Commercial Finance,C0056454,Hire Purchase,A79513169,44172,Outside,Quality Control,65815,Direct,No Issue,,
44162,Wales,Corporate Finance,C0057029,Contract Hire,A32228619,44171,Inside,Payments,31546,Direct,No Issue,,
44157,Wales,Commercial Finance,C0092199,Leasing,A90939984,44165,Inside,Documentation,82126,Referrals,No Issue,,
44161,Midlands,Commercial Finance,C0047302,Contract Hire,A94002954,44175,Outside,Underwriting,60577,Referrals,No Issue,,
44145,Midlands,Personal Finance,C0075852,Leasing,A72523344,44157,Inside,Collections,95799,Referrals,No Issue,,
44158,South East,Corporate Finance,C0029725,Hire Purchase,A68689632,44174,Outside,Validation,17773,Direct,No Issue,,
44147,North West,Corporate Finance,C0035239,Contract Hire,A75570777,44160,Inside,Collections,79269,Broker,Regulatory,Mail,Human Error
44156,South West,Commercial Finance,C0058798,Leasing,A90733901,44166,Inside,Underwriting,559,Referrals,No Issue,,
44143,North West,Corporate Finance,C0058629,Corporate Loan,A71858471,44152,Inside,Documentation,43611,Referrals,No Issue,,
44159,Midlands,Corporate Finance,C0043308,Hire Purchase,A53691425,44171,Inside,Collections,28214,Broker,No Issue,,
